GROUP,PACKAGE,CLASS,INSTRUCTION_MISSED,INSTRUCTION_COVERED,BRANCH_MISSED,BRANCH_COVERED,LINE_MISSED,LINE_COVERED,COMPLEXITY_MISSED,COMPLEXITY_COVERED,METHOD_MISSED,METHOD_COVERED
timesheet,tn.esprit.spring.controller,RestControlEntreprise,39,3,0,0,11,1,7,1,7,1
timesheet,tn.esprit.spring.controller,RestControlTimesheet,41,3,0,0,10,1,6,1,6,1
timesheet,tn.esprit.spring.controller,RestControlEmploye,104,3,0,0,29,1,18,1,18,1
timesheet,tn.esprit.spring,ServletInitializer,12,0,0,0,2,0,2,0,2,0
timesheet,tn.esprit.spring,TimesheetSpringBootCoreDataJpaMvcRest1Application,5,3,0,0,2,1,1,1,1,1
timesheet,tn.esprit.spring.services,EmployeServiceImpl,229,3,8,0,51,1,22,1,18,1
timesheet,tn.esprit.spring.services,TimesheetServiceImpl,122,21,8,0,31,5,7,4,3,4
timesheet,tn.esprit.spring.services,EntrepriseServiceImpl,122,3,12,0,26,1,13,1,7,1
timesheet,tn.esprit.spring.entities,Contrat,47,3,0,0,20,2,11,1,11,1
timesheet,tn.esprit.spring.entities,Employe,81,3,0,0,34,2,19,1,19,1
timesheet,tn.esprit.spring.entities,Timesheet,31,0,0,0,13,0,9,0,9,0
timesheet,tn.esprit.spring.entities,TimesheetPK,159,0,26,0,49,0,25,0,12,0
timesheet,tn.esprit.spring.entities,Role,0,44,0,0,0,2,0,1,0,1
timesheet,tn.esprit.spring.entities,MissionExterne,25,3,0,0,10,2,5,1,5,1
timesheet,tn.esprit.spring.entities,Entreprise,51,8,0,0,19,3,10,1,10,1
timesheet,tn.esprit.spring.entities,Departement,41,3,0,0,18,2,11,1,11,1
timesheet,tn.esprit.spring.entities,Mission,32,15,0,0,14,7,9,3,9,3
